{"loss": [1.3837409019470215, 0.7039306163787842, 0.5567629933357239, 0.4964334964752197, 0.46244603395462036, 0.4396358132362366, 0.4213919937610626, 0.40615954995155334, 0.3932507634162903, 0.3815547227859497, 0.37301456928253174, 0.3640110492706299, 0.3565748929977417, 0.3480338454246521, 0.34017860889434814, 0.33354929089546204, 0.32689446210861206, 0.3224251866340637, 0.3158506155014038, 0.3101344108581543, 0.30415108799934387, 0.29959455132484436, 0.29430967569351196, 0.2899250388145447, 0.2857498228549957, 0.2801767885684967, 0.2766346335411072, 0.27249863743782043, 0.2692737579345703, 0.2640603482723236], "accuracy": [0.6010714173316956, 0.7957321405410767, 0.8207857012748718, 0.8348749876022339, 0.84375, 0.8497321605682373, 0.8536249995231628, 0.8597857356071472, 0.8647321462631226, 0.868017852306366, 0.8703749775886536, 0.8729642629623413, 0.876160740852356, 0.8794285655021667, 0.8811071515083313, 0.8841428756713867, 0.8856785893440247, 0.8870357275009155, 0.8887678384780884, 0.8914642930030823, 0.8937857151031494, 0.895517885684967, 0.8967857360839844, 0.8980178833007812, 0.8999821543693542, 0.9018035531044006, 0.9017857313156128, 0.9034821391105652, 0.9039463996887207, 0.9067142605781555], "val_loss": [0.8643465042114258, 0.6102690696716309, 0.5188688635826111, 0.47957655787467957, 0.45868098735809326, 0.4337124526500702, 0.42824089527130127, 0.4095527231693268, 0.4182124733924866, 0.4013728201389313, 0.38256534934043884, 0.3885485827922821, 0.37619540095329285, 0.384596586227417, 0.37239953875541687, 0.36651113629341125, 0.35981109738349915, 0.3506418764591217, 0.3562006652355194, 0.34694498777389526, 0.3427256643772125, 0.33934107422828674, 0.34130969643592834, 0.3513323962688446, 0.355107843875885, 0.3353003263473511, 0.33746370673179626, 0.3339947462081909, 0.32373055815696716, 0.33031779527664185], "val_accuracy": [0.7730000019073486, 0.8109999895095825, 0.8335000276565552, 0.8417500257492065, 0.843500018119812, 0.8560000061988831, 0.8510000109672546, 0.8579999804496765, 0.8567500114440918, 0.8602499961853027, 0.8694999814033508, 0.8615000247955322, 0.8702499866485596, 0.8617500066757202, 0.8677499890327454, 0.8727499842643738, 0.8734999895095825, 0.8712499737739563, 0.8730000257492065, 0.878250002861023, 0.8787500262260437, 0.878250002861023, 0.8792499899864197, 0.8762500286102295, 0.8769999742507935, 0.878250002861023, 0.8820000290870667, 0.8805000185966492, 0.8857499957084656, 0.8824999928474426]}