{"loss": [0.7679348587989807, 0.49731919169425964, 0.44752511382102966, 0.41904956102371216, 0.39738929271698, 0.38215896487236023, 0.36759740114212036, 0.3566681444644928, 0.3474440276622772, 0.3376930356025696, 0.32867947220802307, 0.32184311747550964, 0.31350433826446533, 0.30690231919288635, 0.3000010550022125, 0.2955780327320099, 0.28857752680778503, 0.2838033139705658, 0.27965250611305237, 0.2740817964076996, 0.2692745625972748, 0.2650776505470276, 0.26021379232406616, 0.25558456778526306, 0.2516820430755615, 0.24780699610710144, 0.24422550201416016, 0.24080392718315125, 0.23842892050743103, 0.2328987568616867], "accuracy": [0.7467142939567566, 0.8251964449882507, 0.8426250219345093, 0.852321445941925, 0.8599107265472412, 0.8647857308387756, 0.8698035478591919, 0.8729821443557739, 0.8759285807609558, 0.8791249990463257, 0.8817499876022339, 0.8833035826683044, 0.8860178589820862, 0.8892321586608887, 0.8911964297294617, 0.8928035497665405, 0.8947499990463257, 0.895589292049408, 0.897982120513916, 0.9004642963409424, 0.9020714163780212, 0.9036250114440918, 0.9043750166893005, 0.9060714244842529, 0.9081606864929199, 0.9077678322792053, 0.9095714092254639, 0.9126250147819519, 0.9123571515083313, 0.91501784324646], "val_loss": [0.5203965902328491, 0.4688248634338379, 0.44315457344055176, 0.43941065669059753, 0.40160810947418213, 0.38959208130836487, 0.3858542740345001, 0.3880046010017395, 0.36193451285362244, 0.3551948368549347, 0.3538716435432434, 0.345915287733078, 0.36433637142181396, 0.33765244483947754, 0.3455020487308502, 0.34065499901771545, 0.3298127055168152, 0.3290356993675232, 0.3221892714500427, 0.34324806928634644, 0.32020607590675354, 0.3230750560760498, 0.32495635747909546, 0.3255102038383484, 0.3334581255912781, 0.3211747705936432, 0.3226262331008911, 0.32995501160621643, 0.3153094947338104, 0.32402199506759644], "val_accuracy": [0.8224999904632568, 0.8377500176429749, 0.8475000262260437, 0.8389999866485596, 0.8619999885559082, 0.8604999780654907, 0.8644999861717224, 0.8632500171661377, 0.8679999709129333, 0.8725000023841858, 0.8742499947547913, 0.8732500076293945, 0.8687499761581421, 0.875, 0.8762500286102295, 0.8799999952316284, 0.8794999718666077, 0.8822500109672546, 0.8777499794960022, 0.8765000104904175, 0.8852499723434448, 0.8799999952316284, 0.8772500157356262, 0.8832499980926514, 0.8822500109672546, 0.8799999952316284, 0.8857499957084656, 0.8824999928474426, 0.8897500038146973, 0.8840000033378601]}