{"loss": [0.7496000528335571, 0.49097588658332825, 0.44381412863731384, 0.4160400629043579, 0.39693427085876465, 0.3797816336154938, 0.36518335342407227, 0.3535676896572113, 0.3440382182598114, 0.33352094888687134, 0.3249286115169525, 0.31758755445480347, 0.31116706132888794, 0.30350279808044434, 0.2983147203922272, 0.29210278391838074, 0.2863811254501343, 0.28257253766059875, 0.27667248249053955, 0.27134063839912415, 0.2667781710624695, 0.2636274993419647, 0.25921547412872314, 0.2538256347179413, 0.25109240412712097, 0.24625740945339203, 0.24345354735851288, 0.23971229791641235, 0.23684905469417572, 0.23332101106643677], "accuracy": [0.7444464564323425, 0.8267857432365417, 0.840749979019165, 0.8507678508758545, 0.8576964139938354, 0.8620535731315613, 0.869785726070404, 0.8730178475379944, 0.8772321343421936, 0.8794999718666077, 0.8824285864830017, 0.8858571648597717, 0.8867499828338623, 0.8898392915725708, 0.8915178775787354, 0.8941964507102966, 0.8965714573860168, 0.8978750109672546, 0.8989107012748718, 0.9016785621643066, 0.9035535454750061, 0.902696430683136, 0.9042142629623413, 0.9068571329116821, 0.9088035821914673, 0.9100714325904846, 0.9107321500778198, 0.9122499823570251, 0.9131249785423279, 0.9143571257591248], "val_loss": [0.5218861103057861, 0.46752676367759705, 0.4436863362789154, 0.4170302748680115, 0.4189077317714691, 0.389133483171463, 0.38328155875205994, 0.3757088780403137, 0.3674619197845459, 0.3762633502483368, 0.3482097089290619, 0.3586346507072449, 0.350813627243042, 0.334103524684906, 0.33434435725212097, 0.34984782338142395, 0.3302876353263855, 0.3439989984035492, 0.3213602304458618, 0.32876482605934143, 0.35722577571868896, 0.3252662122249603, 0.33022382855415344, 0.32286977767944336, 0.3216370642185211, 0.34313562512397766, 0.3123742938041687, 0.333077609539032, 0.3271642029285431, 0.3196345269680023], "val_accuracy": [0.8184999823570251, 0.8370000123977661, 0.8414999842643738, 0.8510000109672546, 0.8529999852180481, 0.8617500066757202, 0.8654999732971191, 0.8644999861717224, 0.871999979019165, 0.8659999966621399, 0.8759999871253967, 0.8740000128746033, 0.8730000257492065, 0.8812500238418579, 0.8815000057220459, 0.8792499899864197, 0.8802499771118164, 0.874750018119812, 0.8865000009536743, 0.8765000104904175, 0.8709999918937683, 0.8807500004768372, 0.8820000290870667, 0.8799999952316284, 0.8847500085830688, 0.8762500286102295, 0.8859999775886536, 0.8774999976158142, 0.8809999823570251, 0.8867499828338623]}